{"cameraMode":{"drawMode":0,"name":"Shaded","section":"Shading Mode"},"sceneLighting":false,"audioPlay":false,"sceneViewState":{"showFog":true,"showMaterialUpdate":false,"showSkybox":false,"showFlares":true,"showImageEffects":true,"showParticleSystems":true},"in2DMode":false,"pivot":{"x":0.005500614643096924,"y":-0.7032970190048218,"z":2.8861238956451418},"rotation":{"x":0.2298155426979065,"y":0.13844428956508637,"z":-0.03303432837128639,"w":0.9627981781959534},"size":1.1273996829986573,"orthographic":false}