{"cameraMode":{"drawMode":0,"name":"Shaded","section":"Shading Mode"},"sceneLighting":false,"audioPlay":false,"sceneViewState":{"showFog":true,"showMaterialUpdate":false,"showSkybox":false,"showFlares":true,"showImageEffects":true,"showParticleSystems":true},"in2DMode":false,"pivot":{"x":-0.0000073015689849853519,"y":-1.850301742553711,"z":4.8082499504089359},"rotation":{"x":0.007380388211458921,"y":0.5383567810058594,"z":0.004589051939547062,"w":-0.84273362159729},"size":1.0928465127944947,"orthographic":false}