{"cameraMode":{"drawMode":0,"name":"Shaded","section":"Shading Mode"},"sceneLighting":false,"audioPlay":false,"sceneViewState":{"showFog":true,"showMaterialUpdate":false,"showSkybox":false,"showFlares":true,"showImageEffects":true,"showParticleSystems":true},"in2DMode":false,"pivot":{"x":0.000422060489654541,"y":-1.8263037204742432,"z":4.816579818725586},"rotation":{"x":0.007380388211458921,"y":0.5383567810058594,"z":0.004589051939547062,"w":-0.84273362159729},"size":1.1694998741149903,"orthographic":false}