{"cameraMode":{"drawMode":0,"name":"Shaded","section":"Shading Mode"},"sceneLighting":false,"audioPlay":false,"sceneViewState":{"showFog":true,"showMaterialUpdate":false,"showSkybox":false,"showFlares":true,"showImageEffects":true,"showParticleSystems":true},"in2DMode":false,"pivot":{"x":4.225123882293701,"y":0.8919258117675781,"z":10.699999809265137},"rotation":{"x":-0.12140775471925736,"y":-0.21934570372104646,"z":0.02751675248146057,"w":-0.9676836729049683},"size":0.8660253882408142,"orthographic":false}