{"cameraMode":{"drawMode":0,"name":"Shaded","section":"Shading Mode"},"sceneLighting":false,"audioPlay":false,"sceneViewState":{"showFog":true,"showMaterialUpdate":false,"showSkybox":false,"showFlares":true,"showImageEffects":true,"showParticleSystems":true},"in2DMode":false,"pivot":{"x":-0.000007838010787963867,"y":0.8284134864807129,"z":0.011651471257209778},"rotation":{"x":0.037810198962688449,"y":-0.9216136336326599,"z":0.0929359421133995,"w":0.37495750188827517},"size":1.0965684652328492,"orthographic":false}