{"cameraMode":{"drawMode":0,"name":"Shaded","section":"Shading Mode"},"sceneLighting":false,"audioPlay":false,"sceneViewState":{"showFog":true,"showMaterialUpdate":false,"showSkybox":false,"showFlares":true,"showImageEffects":true,"showParticleSystems":true},"in2DMode":false,"pivot":{"x":0.0004220008850097656,"y":-1.8422882556915284,"z":4.808604717254639},"rotation":{"x":0.007380388211458921,"y":0.5383567810058594,"z":0.004589051939547062,"w":-0.84273362159729},"size":1.1888705492019654,"orthographic":false}