{"cameraMode":{"drawMode":0,"name":"Shaded","section":"Shading Mode"},"sceneLighting":false,"audioPlay":false,"sceneViewState":{"showFog":true,"showMaterialUpdate":false,"showSkybox":false,"showFlares":true,"showImageEffects":true,"showParticleSystems":true},"in2DMode":false,"pivot":{"x":2.9789977073669435,"y":2.221400022506714,"z":-1.730139970779419},"rotation":{"x":0.055275216698646548,"y":0.6740904450416565,"z":-0.050597190856933597,"w":0.7349449992179871},"size":0.4589611291885376,"orthographic":false}