{"cameraMode":{"drawMode":0,"name":"Shaded","section":"Shading Mode"},"sceneLighting":false,"audioPlay":false,"sceneViewState":{"showFog":true,"showMaterialUpdate":false,"showSkybox":false,"showFlares":true,"showImageEffects":true,"showParticleSystems":true},"in2DMode":false,"pivot":{"x":0.005500614643096924,"y":-0.7032970190048218,"z":-0.005876168608665466},"rotation":{"x":-0.02777065336704254,"y":0.929410994052887,"z":-0.0715341567993164,"w":-0.36103713512420657},"size":1.1273996829986573,"orthographic":false}