{"cameraMode":{"drawMode":0,"name":"Shaded","section":"Shading Mode"},"sceneLighting":false,"audioPlay":false,"sceneViewState":{"showFog":true,"showMaterialUpdate":false,"showSkybox":false,"showFlares":true,"showImageEffects":true,"showParticleSystems":true},"in2DMode":false,"pivot":{"x":0.00014039874076843262,"y":0.836905837059021,"z":0.013921208679676056},"rotation":{"x":-0.01832624338567257,"y":0.7859825491905212,"z":0.023355262354016305,"w":0.6175764203071594},"size":1.0984044075012208,"orthographic":false}